topic,pillar,angle,post_type,notes,status,post_date
AI is not a tool it is infrastructure,Gradual Holdings,philosophy,insight,,done,2026-04-08 01:20:51 EDT
The bottleneck is no longer skill or capital it is execution clarity,Gradual Holdings,philosophy,insight,,queued,
One person can now build what used to take teams,Gradual Holdings,mission statement,insight,,queued,
Why Gradual Holdings is a system not an agency,Gradual Holdings,building in public,document,,queued,
What a real AI pipeline actually looks like,AI + Work,proof of concept,document,reference the LinkedIn automation pipeline,queued,
Building digital employees not just automations,AI Tools,philosophy,insight,,queued,
The real client nobody is designing AI for,AI + Work,observation post,tension,the solo founder — boutique brand owner home baker freelance creative,queued,
What broke in my email AI workflow and what I learned,AI Tools,building in public,document,reference the Make.com email triage pipeline,queued,
Why AI needs context priority hierarchy and exception logic,AI Tools,technical insight,insight,,queued,
AI content is not about generation it is about directing transformation,Gradual Holdings,philosophy,tension,,queued,
The pipeline between tools matters more than the tools themselves,AI Tools,insight post,insight,,queued,
Why AI systems must be observed not blindly trusted,Gradual Holdings,philosophy,tension,,queued,
How I am designing AI for a boutique fashion founder vs a home baker,AI + Work,case study,document,,queued,
From no-code to system designer my actual trajectory,Origin,unconventional path,document,,queued,
What the AI-native economy looks like from inside it,Gradual Holdings,building in public,tension,,queued,
Why done-for-them beats here is a tool every time,AI + Work,insight post,tension,,queued,
AI adoption is not a tech problem it is a behaviour change problem,Gradual Holdings,philosophy,insight,,queued,
What most people miss about building with AI,AI Tools,insight post,insight,,queued,
The moment I stopped using AI and started designing with it,Origin,turning point,document,,queued,
What Gradual Holdings is actually building stripped down to the truth,Gradual Holdings,brand origin story,tension,,queued,
